-- phpMyAdmin SQL Dump
-- version 5.0.1
-- https://www.phpmyadmin.net/
--
-- Host: 127.0.0.1
-- Generation Time: Jun 30, 2021 at 05:06 AM
-- Server version: 10.4.11-MariaDB
-- PHP Version: 7.4.3

SET SQL_MODE = "NO_AUTO_VALUE_ON_ZERO";
SET AUTOCOMMIT = 0;
START TRANSACTION;
SET time_zone = "+00:00";


/*!40101 SET @OLD_CHARACTER_SET_CLIENT=@@CHARACTER_SET_CLIENT */;
/*!40101 SET @OLD_CHARACTER_SET_RESULTS=@@CHARACTER_SET_RESULTS */;
/*!40101 SET @OLD_COLLATION_CONNECTION=@@COLLATION_CONNECTION */;
/*!40101 SET NAMES utf8mb4 */;

--
-- Database: `finel_project`
--

-- --------------------------------------------------------

--
-- Table structure for table `admin_users`
--

CREATE TABLE `admin_users` (
  `id` int(11) NOT NULL,
  `username` varchar(255) NOT NULL,
  `password` varchar(255) NOT NULL
) ENGINE=InnoDB DEFAULT CHARSET=utf8mb4;

--
-- Dumping data for table `admin_users`
--

INSERT INTO `admin_users` (`id`, `username`, `password`) VALUES
(1, 'admin', 'admin');

-- --------------------------------------------------------

--
-- Table structure for table `banner`
--

CREATE TABLE `banner` (
  `id` int(11) NOT NULL,
  `heading1` varchar(255) NOT NULL,
  `heading2` varchar(255) NOT NULL,
  `btn_txt` varchar(255) DEFAULT NULL,
  `btn_link` varchar(50) DEFAULT NULL,
  `image` varchar(255) NOT NULL,
  `order_no` int(11) NOT NULL,
  `status` int(11) NOT NULL
) ENGINE=InnoDB DEFAULT CHARSET=utf8mb4;

--
-- Dumping data for table `banner`
--

INSERT INTO `banner` (`id`, `heading1`, `heading2`, `btn_txt`, `btn_link`, `image`, `order_no`, `status`) VALUES
(3, 'New 2021', 'NEW COLLECTION', 'buy', 'index.php', '685826191_s2.jpg', 0, 1);

-- --------------------------------------------------------

--
-- Table structure for table `categories`
--

CREATE TABLE `categories` (
  `id` int(11) NOT NULL,
  `categories` varchar(255) NOT NULL,
  `status` tinyint(4) NOT NULL
) ENGINE=InnoDB DEFAULT CHARSET=utf8mb4;

--
-- Dumping data for table `categories`
--

INSERT INTO `categories` (`id`, `categories`, `status`) VALUES
(3, 'WOMEN', 1);

-- --------------------------------------------------------

--
-- Table structure for table `contact_us`
--

CREATE TABLE `contact_us` (
  `id` int(11) NOT NULL,
  `name` varchar(255) NOT NULL,
  `email` varchar(75) NOT NULL,
  `mobile` varchar(15) NOT NULL,
  `comment` text NOT NULL,
  `added_on` datetime NOT NULL
) ENGINE=InnoDB DEFAULT CHARSET=utf8mb4;

-- --------------------------------------------------------

--
-- Table structure for table `coupon_master`
--

CREATE TABLE `coupon_master` (
  `id` int(11) NOT NULL,
  `coupon_code` varchar(50) NOT NULL,
  `coupon_value` int(11) NOT NULL,
  `coupon_type` varchar(15) NOT NULL,
  `cart_min_value` int(11) NOT NULL,
  `status` int(11) NOT NULL
) ENGINE=InnoDB DEFAULT CHARSET=utf8mb4;

--
-- Dumping data for table `coupon_master`
--

INSERT INTO `coupon_master` (`id`, `coupon_code`, `coupon_value`, `coupon_type`, `cart_min_value`, `status`) VALUES
(1, 'First50', 100, 'Rupee', 500, 1);

-- --------------------------------------------------------

--
-- Table structure for table `order`
--

CREATE TABLE `order` (
  `id` int(11) NOT NULL,
  `user_id` int(11) NOT NULL,
  `address` varchar(250) NOT NULL,
  `city` varchar(50) NOT NULL,
  `pincode` int(11) NOT NULL,
  `payment_type` varchar(20) NOT NULL,
  `total_price` float NOT NULL,
  `payment_status` varchar(20) NOT NULL,
  `order_status` int(20) NOT NULL,
  `txnid` int(200) NOT NULL,
  `mihpayid` int(200) NOT NULL,
  `payu_status` int(10) NOT NULL,
  `coupon_id` int(11) NOT NULL,
  `coupon_value` varchar(50) NOT NULL,
  `coupon_code` varchar(50) NOT NULL,
  `added_on` datetime NOT NULL
) ENGINE=InnoDB DEFAULT CHARSET=utf8mb4;

--
-- Dumping data for table `order`
--

INSERT INTO `order` (`id`, `user_id`, `address`, `city`, `pincode`, `payment_type`, `total_price`, `payment_status`, `order_status`, `txnid`, `mihpayid`, `payu_status`, `coupon_id`, `coupon_value`, `coupon_code`, `added_on`) VALUES
(1, 8, 'Plot no.205-206,flat no.103,suryadev apt, sai baba nagar soc. ,pandesara,surat', 'Pandesara IE', 394221, 'instamojo', 999, 'pending', 1, 7, 0, 0, 0, '', '', '2021-06-22 05:35:40'),
(2, 9, 'Plot no.205-206,flat no.103,suryadev apt, sai baba nagar soc. ,pandesara,surat', 'Pandesara IE', 394221, 'instamojo', 449, 'pending', 1, 0, 0, 0, 0, '', '', '2021-06-23 10:48:54');

-- --------------------------------------------------------

--
-- Table structure for table `order_detail`
--

CREATE TABLE `order_detail` (
  `id` int(11) NOT NULL,
  `order_id` int(11) NOT NULL,
  `product_id` int(11) NOT NULL,
  `qty` int(11) NOT NULL,
  `price` float NOT NULL
) ENGINE=InnoDB DEFAULT CHARSET=utf8mb4;

--
-- Dumping data for table `order_detail`
--

INSERT INTO `order_detail` (`id`, `order_id`, `product_id`, `qty`, `price`) VALUES
(1, 8, 11, 2, 1000),
(2, 9, 11, 2, 1000),
(3, 10, 11, 2, 1000),
(4, 11, 5, 1, 212),
(5, 12, 6, 1, 22121),
(6, 13, 6, 1, 22121),
(7, 14, 11, 1, 1000),
(8, 16, 11, 1, 1000),
(9, 17, 11, 1, 1000),
(10, 18, 11, 1, 1000),
(11, 19, 11, 1, 1000),
(12, 20, 11, 1, 1000),
(13, 22, 11, 1, 1000),
(14, 24, 11, 1, 1000),
(15, 26, 11, 1, 1000),
(16, 27, 11, 1, 1000),
(17, 28, 11, 1, 1000),
(18, 29, 11, 1, 1000),
(19, 30, 6, 1, 22121),
(20, 32, 11, 1, 1000),
(21, 33, 5, 1, 212),
(22, 34, 11, 2, 1000),
(23, 35, 6, 1, 22121),
(24, 36, 11, 1, 1000),
(25, 37, 11, 1, 1000),
(26, 38, 11, 1, 1000),
(27, 39, 11, 1, 1000),
(28, 40, 5, 1, 212),
(29, 41, 11, 1, 1000),
(30, 42, 11, 1, 1000),
(31, 43, 6, 1, 22121),
(32, 44, 5, 1, 212),
(33, 45, 5, 1, 212),
(34, 46, 11, 1, 1000),
(35, 47, 11, 1, 1000),
(36, 48, 14, 1, 1000),
(37, 49, 6, 1, 22121),
(38, 50, 6, 1, 22121),
(39, 51, 6, 1, 22121),
(40, 52, 6, 1, 22121),
(41, 53, 6, 1, 22121),
(42, 54, 16, 1, 22),
(43, 55, 16, 1, 22),
(44, 56, 17, 1, 1000),
(45, 57, 17, 1, 1000),
(46, 58, 17, 1, 1000),
(47, 59, 17, 1, 1000),
(48, 60, 17, 1, 1000),
(49, 61, 17, 1, 1000),
(50, 62, 16, 1, 22),
(51, 1, 6, 1, 22121),
(52, 2, 6, 1, 22121),
(53, 3, 6, 1, 22121),
(54, 4, 6, 1, 22121),
(55, 5, 6, 1, 22121),
(56, 6, 6, 1, 22121),
(57, 7, 6, 1, 22121),
(58, 8, 6, 1, 22121),
(59, 9, 17, 1, 1000),
(60, 10, 17, 1, 1000),
(61, 11, 17, 1, 1000),
(62, 12, 6, 1, 22121),
(63, 13, 16, 1, 22),
(64, 14, 16, 1, 22),
(65, 15, 16, 1, 22),
(66, 16, 16, 1, 22),
(67, 17, 5, 1, 212),
(68, 18, 5, 1, 212),
(69, 19, 6, 1, 22121),
(70, 20, 16, 1, 22),
(71, 21, 5, 1, 212),
(72, 1, 6, 1, 22121),
(73, 2, 6, 1, 22121),
(74, 3, 6, 1, 22121),
(75, 4, 6, 1, 22121),
(76, 5, 6, 1, 22121),
(77, 6, 6, 1, 22121),
(78, 7, 17, 1, 1000),
(79, 1, 16, 1, 999),
(80, 2, 36, 1, 449);

-- --------------------------------------------------------

--
-- Table structure for table `order_status`
--

CREATE TABLE `order_status` (
  `id` int(11) NOT NULL,
  `name` varchar(50) NOT NULL
) ENGINE=InnoDB DEFAULT CHARSET=utf8mb4;

--
-- Dumping data for table `order_status`
--

INSERT INTO `order_status` (`id`, `name`) VALUES
(1, 'pending'),
(2, 'processing'),
(3, 'shipped'),
(4, 'canceled'),
(5, 'complete');

-- --------------------------------------------------------

--
-- Table structure for table `product`
--

CREATE TABLE `product` (
  `id` int(11) NOT NULL,
  `categories_id` int(11) NOT NULL,
  `sub_categories_id` int(11) NOT NULL,
  `name` varchar(255) NOT NULL,
  `mrp` float NOT NULL,
  `price` float NOT NULL,
  `qty` int(11) NOT NULL,
  `image` varchar(255) NOT NULL,
  `short_desc` varchar(2000) NOT NULL,
  `description` text NOT NULL,
  `best_seller` int(11) NOT NULL,
  `meta_title` text NOT NULL,
  `meta_desc` varchar(2000) NOT NULL,
  `meta_keyword` varchar(2000) NOT NULL,
  `status` tinyint(4) NOT NULL
) ENGINE=InnoDB DEFAULT CHARSET=utf8mb4;

--
-- Dumping data for table `product`
--

INSERT INTO `product` (`id`, `categories_id`, `sub_categories_id`, `name`, `mrp`, `price`, `qty`, `image`, `short_desc`, `description`, `best_seller`, `meta_title`, `meta_desc`, `meta_keyword`, `status`) VALUES
(5, 12, 2, 'White Over T-Shirt Men', 999, 799, 100, '320423499_3.jpg', '212', '2121', 1, '2121', '21121', '221', 1),
(6, 12, 2, 'Light Gray Over T-Shert', 1499, 1199, 100, '113583420_370613594_5.jpg', '212121233', '2121212121', 1, '12121212121212', '212121212121', '222121', 1),
(11, 1, 0, '3', 1200, 1000, 22, '617489659_Hydrangeas.jpg', '212', '2121', 1, '212', '121', '21', 1),
(13, 1, 0, '2', 1200, 3000, 10, '907176061_Jellyfish.jpg', 'kk', 'kk', 0, 'kk', 'kk', 'kk', 1),
(14, 1, 0, '1', 1300, 1000, 12, '230696661_Lighthouse.jpg', 'pp', 'pp', 1, 'pp', 'pp', 'pp', 1),
(16, 3, 1, 'Light Gray Over T-Shert Women', 1499, 999, 100, '902219436_10.jpg', 'yy', 'yy', 1, 'yy', 'yy', 'yy', 1),
(20, 12, 2, 'Black Over T-Shert Men', 1300, 1099, 100, '756330216_7.jpg', 'nice product for a men', 'Lorem Ipsum is simply dummy text of the printing and typesetting industry. Lorem Ipsum has been the industry\'s standard dummy text ever since the 1500s, when an unknown printer took a galley of type and scrambled it to make a type specimen book.', 1, 'test', 'test', 'test', 1),
(22, 3, 1, 'Casual Half Sleeve Printed Women White Top', 900, 299, 20, '518932900_Casual Half Sleeve Printed Women White Top.jpeg', 'It is a long established fact that a reader will be distracted by the readable content of a page when looking at its layout. The point of using Lorem Ipsum is that it has a more-or-less normal distribution of letters, as opposed to using \'Content here, content here\', making', 'Lorem Ipsum is simply dummy text of the printing and typesetting industry. Lorem Ipsum has been the industry\'s standard dummy text ever since the 1500s, when an unknown printer took a galley of type and scrambled it to make a type specimen book. It has survived not only five centuries, but also the leap into electronic typesetting, remaining essentially unchanged. It was popularised in the 1960s with the release of Letraset sheets containing Lorem Ipsum passages, and more recently with desktop publishing software like Aldus PageMaker including versions of Lorem Ipsum.', 0, 'Casual Half Sleeve Printed Women White Top', 'Casual Half Sleeve Printed Women White Top', 'Casual Half Sleeve Printed Women White Top', 1),
(26, 12, 3, 'Regular Men Grey Jeans', 1200, 500, 25, '602349954_Regular Men Grey Jeans.jpeg', 'Lorem Ipsum is simply dummy text of the printing and typesetting industry. Lorem Ipsum has been the industry\'s standard dummy text ever since the 1500s, when an unknown printer took a galley of type and scrambled it to make a type specimen book.', 'Lorem Ipsum is simply dummy text of the printing and typesetting industry. Lorem Ipsum has been the industry\'s standard dummy text ever since the 1500s, when an unknown printer took a galley of type and scrambled it to make a type specimen book.Lorem Ipsum is simply dummy text of the printing and typesetting industry. Lorem Ipsum has been the industry\'s standard dummy text ever since the 1500s, when an unknown printer took a galley of type and scrambled it to make a type specimen book.', 0, 'Regular Men Grey Jeans', 'Regular Men Grey Jeans', 'Regular Men Grey Jeans', 1),
(27, 12, 3, 'Regular Men Light Blue Jeans', 999, 399, 20, '608326610_Regular Men Light Blue Jeans.jpeg', 'Lorem Ipsum is simply dummy text of the printing and typesetting industry. Lorem Ipsum has been the industry\'s standard dummy text ever since the 1500s, when an unknown printer took a galley of type and scrambled it to make a type specimen book.', 'Lorem Ipsum is simply dummy text of the printing and typesetting industry. Lorem Ipsum has been the industry\'s standard dummy text ever since the 1500s, when an unknown printer took a galley of type and scrambled it to make a type specimen book.Lorem Ipsum is simply dummy text of the printing and typesetting industry. Lorem Ipsum has been the industry\'s standard dummy text ever since the 1500s, when an unknown printer took a galley of type and scrambled it to make a type specimen book.Lorem Ipsum is simply dummy text of the printing and typesetting industry. Lorem Ipsum has been the industry\'s standard dummy text ever since the 1500s, when an unknown printer took a galley of type and scrambled it to make a type specimen book.', 0, 'Regular Men Light Blue Jeans', 'Regular Men Light Blue Jeans', 'Regular Men Light Blue Jeans', 1),
(28, 12, 3, 'Slim Men Black Jeans', 1200, 599, 20, '705404025_Slim Men Black Jeans.jpeg', 'Lorem Ipsum is simply dummy text of the printing and typesetting industry. Lorem Ipsum has been the industry\'s standard dummy text ever since the 1500s, when an unknown printer took a galley of type and scrambled it to make a type specimen book.', 'Lorem Ipsum is simply dummy text of the printing and typesetting industry. Lorem Ipsum has been the industry\'s standard dummy text ever since the 1500s, when an unknown printer took a galley of type and scrambled it to make a type specimen book.Lorem Ipsum is simply dummy text of the printing and typesetting industry. Lorem Ipsum has been the industry\'s standard dummy text ever since the 1500s, when an unknown printer took a galley of type and scrambled it to make a type specimen book.', 0, 'Slim Men Black Jeans', 'Slim Men Black Jeans', 'Slim Men Black Jeans', 1),
(29, 12, 3, 'Slim Men White Jeans', 600, 300, 20, '209150074_Slim Men White Jeans.jpeg', 'Lorem Ipsum is simply dummy text of the printing and typesetting industry. Lorem Ipsum has been the industry\'s standard dummy text ever since the 1500s, when an unknown printer took a galley of type and scrambled it to make a type specimen book.', 'Lorem Ipsum is simply dummy text of the printing and typesetting industry. Lorem Ipsum has been the industry\'s standard dummy text ever since the 1500s, when an unknown printer took a galley of type and scrambled it to make a type specimen book.Lorem Ipsum is simply dummy text of the printing and typesetting industry. Lorem Ipsum has been the industry\'s standard dummy text ever since the 1500s, when an unknown printer took a galley of type and scrambled it to make a type specimen book.', 0, 'Slim Men White Jeans', 'Slim Men White Jeans', 'Slim Men White Jeans', 1),
(30, 3, 4, 'Flared Women Blue Jeans', 1200, 699, 20, '865021392_Flared Women Blue Jeans.jpeg', 'Lorem Ipsum is simply dummy text of the printing and typesetting industry. Lorem Ipsum has been the industry\'s standard dummy text ever since the 1500s, when an unknown printer took a galley of type and scrambled it to make a type specimen book.', 'Lorem Ipsum is simply dummy text of the printing and typesetting industry. Lorem Ipsum has been the industry\'s standard dummy text ever since the 1500s, when an unknown printer took a galley of type and scrambled it to make a type specimen book.Lorem Ipsum is simply dummy text of the printing and typesetting industry. Lorem Ipsum has been the industry\'s standard dummy text ever since the 1500s, when an unknown printer took a galley of type and scrambled it to make a type specimen book.', 0, 'Flared Women Blue Jeans', 'Flared Women Blue Jeans', 'Flared Women Blue Jeans', 1),
(31, 3, 4, 'Jogger Fit Women Dark Blue Jeans', 1500, 700, 20, '609710293_Jogger Fit Women Dark Blue Jeans.jpeg', 'Lorem Ipsum is simply dummy text of the printing and typesetting industry. Lorem Ipsum has been the industry\'s standard dummy text ever since the 1500s, when an unknown printer took a galley of type and scrambled it to make a type specimen book.', 'Lorem Ipsum is simply dummy text of the printing and typesetting industry. Lorem Ipsum has been the industry\'s standard dummy text ever since the 1500s, when an unknown printer took a galley of type and scrambled it to make a type specimen book.Lorem Ipsum is simply dummy text of the printing and typesetting industry. Lorem Ipsum has been the industry\'s standard dummy text ever since the 1500s, when an unknown printer took a galley of type and scrambled it to make a type specimen book.', 0, 'Jogger Fit Women Dark Blue Jeans', 'Jogger Fit Women Dark Blue Jeans', 'Jogger Fit Women Dark Blue Jeans', 1),
(32, 3, 4, 'Skinny Women Black Jeans', 999, 299, 20, '931131804_Skinny Women Black Jeans.jpeg', 'Lorem Ipsum is simply dummy text of the printing and typesetting industry. Lorem Ipsum has been the industry\'s standard dummy text ever since the 1500s, when an unknown printer took a galley of type and scrambled it to make a type specimen book.', 'Lorem Ipsum is simply dummy text of the printing and typesetting industry. Lorem Ipsum has been the industry\'s standard dummy text ever since the 1500s, when an unknown printer took a galley of type and scrambled it to make a type specimen book.Lorem Ipsum is simply dummy text of the printing and typesetting industry. Lorem Ipsum has been the industry\'s standard dummy text ever since the 1500s, when an unknown printer took a galley of type and scrambled it to make a type specimen book.', 0, 'Skinny Women Black Jeans', 'Skinny Women Black Jeans', 'Skinny Women Black Jeans', 1),
(33, 3, 4, 'Slim Women Grey Jeans', 999, 499, 20, '809712212_Slim Women Grey Jeans.jpeg', 'Lorem Ipsum is simply dummy text of the printing and typesetting industry. Lorem Ipsum has been the industry\'s standard dummy text ever since the 1500s, when an unknown printer took a galley of type and scrambled it to make a type specimen book.', 'Lorem Ipsum is simply dummy text of the printing and typesetting industry. Lorem Ipsum has been the industry\'s standard dummy text ever since the 1500s, when an unknown printer took a galley of type and scrambled it to make a type specimen book.Lorem Ipsum is simply dummy text of the printing and typesetting industry. Lorem Ipsum has been the industry\'s standard dummy text ever since the 1500s, when an unknown printer took a galley of type and scrambled it to make a type specimen book.', 0, 'Slim Women Grey Jeans', 'Slim Women Grey Jeans', 'Slim Women Grey Jeans', 1),
(34, 3, 1, 'Solid Women Round Neck Red T-Shirt', 800, 399, 20, '362912154_Solid Women Round Neck Red T-Shirt.jpeg', 'Lorem Ipsum is simply dummy text of the printing and typesetting industry. Lorem Ipsum has been the industry\'s standard dummy text ever since the 1500s, when an unknown printer took a galley of type and scrambled it to make a type specimen book.', 'Lorem Ipsum is simply dummy text of the printing and typesetting industry. Lorem Ipsum has been the industry\'s standard dummy text ever since the 1500s, when an unknown printer took a galley of type and scrambled it to make a type specimen book.Lorem Ipsum is simply dummy text of the printing and typesetting industry. Lorem Ipsum has been the industry\'s standard dummy text ever since the 1500s, when an unknown printer took a galley of type and scrambled it to make a type specimen book.', 0, 'Solid Women Round Neck Red T-Shirt', 'Solid Women Round Neck Red T-Shirt', 'Solid Women Round Neck Red T-Shirt', 1),
(35, 12, 2, 'Color Block Men Round Neck Black T-Shirt', 999, 349, 20, '254589180_Color Block Men Round Neck Black T-Shirt.jpeg', 'Lorem Ipsum is simply dummy text of the printing and typesetting industry. Lorem Ipsum has been the industry\'s standard dummy text ever since the 1500s, when an unknown printer took a galley of type and scrambled it to make a type specimen book.', 'Lorem Ipsum is simply dummy text of the printing and typesetting industry. Lorem Ipsum has been the industry\'s standard dummy text ever since the 1500s, when an unknown printer took a galley of type and scrambled it to make a type specimen book.Lorem Ipsum is simply dummy text of the printing and typesetting industry. Lorem Ipsum has been the industry\'s standard dummy text ever since the 1500s, when an unknown printer took a galley of type and scrambled it to make a type specimen book.', 0, 'Color Block Men Round Neck Black T-Shirt', 'Color Block Men Round Neck Black T-Shirt', 'Color Block Men Round Neck Black T-Shirt', 1),
(36, 3, 1, 'Color Block Women Round Neck Pink, Yellow T-Shirt', 999, 449, 20, '704039879_Color Block Women Round Neck Pink, Yellow T-Shirt.jpeg', 'Lorem Ipsum is simply dummy text of the printing and typesetting industry. Lorem Ipsum has been the industry\'s standard dummy text ever since the 1500s, when an unknown printer took a galley of type and scrambled it to make a type specimen book.', 'Lorem Ipsum is simply dummy text of the printing and typesetting industry. Lorem Ipsum has been the industry\'s standard dummy text ever since the 1500s, when an unknown printer took a galley of type and scrambled it to make a type specimen book.Lorem Ipsum is simply dummy text of the printing and typesetting industry. Lorem Ipsum has been the industry\'s standard dummy text ever since the 1500s, when an unknown printer took a galley of type and scrambled it to make a type specimen book.', 0, 'Color Block Women Round Neck Pink, Yellow T-Shirt', 'Color Block Women Round Neck Pink, Yellow T-Shirt', 'Color Block Women Round Neck Pink, Yellow T-Shirt', 1);

-- --------------------------------------------------------

--
-- Table structure for table `product_images`
--

CREATE TABLE `product_images` (
  `id` int(11) NOT NULL,
  `product_id` int(11) NOT NULL,
  `product_images` varchar(255) NOT NULL
) ENGINE=InnoDB DEFAULT CHARSET=utf8mb4;

-- --------------------------------------------------------

--
-- Table structure for table `sub_categories`
--

CREATE TABLE `sub_categories` (
  `id` int(11) NOT NULL,
  `categories_id` int(11) NOT NULL,
  `sub_categories` varchar(100) NOT NULL,
  `status` int(11) NOT NULL
) ENGINE=InnoDB DEFAULT CHARSET=utf8mb4;

--
-- Dumping data for table `sub_categories`
--

INSERT INTO `sub_categories` (`id`, `categories_id`, `sub_categories`, `status`) VALUES
(1, 3, 'T-Shirt\'s', 1),
(2, 12, 'T-Shirt\'s', 1),
(3, 12, 'Jeans', 1),
(4, 3, 'Jeans', 1);

-- --------------------------------------------------------

--
-- Table structure for table `users`
--

CREATE TABLE `users` (
  `id` int(11) NOT NULL,
  `name` varchar(255) NOT NULL,
  `password` varchar(50) NOT NULL,
  `email` varchar(50) NOT NULL,
  `mobile` varchar(15) NOT NULL,
  `added_on` datetime NOT NULL
) ENGINE=InnoDB DEFAULT CHARSET=utf8mb4;

--
-- Dumping data for table `users`
--

INSERT INTO `users` (`id`, `name`, `password`, `email`, `mobile`, `added_on`) VALUES
(9, 'yash patel', 'yash123', 'yashcpatel4445@gmail.com', '8980988310', '2021-06-23 10:47:28');

-- --------------------------------------------------------

--
-- Table structure for table `wishlist`
--

CREATE TABLE `wishlist` (
  `id` int(11) NOT NULL,
  `user_id` int(11) NOT NULL,
  `product_id` int(11) NOT NULL,
  `added_on` datetime NOT NULL
) ENGINE=InnoDB DEFAULT CHARSET=utf8mb4;

--
-- Indexes for dumped tables
--

--
-- Indexes for table `admin_users`
--
ALTER TABLE `admin_users`
  ADD PRIMARY KEY (`id`);

--
-- Indexes for table `banner`
--
ALTER TABLE `banner`
  ADD PRIMARY KEY (`id`);

--
-- Indexes for table `categories`
--
ALTER TABLE `categories`
  ADD PRIMARY KEY (`id`);

--
-- Indexes for table `contact_us`
--
ALTER TABLE `contact_us`
  ADD PRIMARY KEY (`id`);

--
-- Indexes for table `coupon_master`
--
ALTER TABLE `coupon_master`
  ADD PRIMARY KEY (`id`);

--
-- Indexes for table `order`
--
ALTER TABLE `order`
  ADD PRIMARY KEY (`id`);

--
-- Indexes for table `order_detail`
--
ALTER TABLE `order_detail`
  ADD PRIMARY KEY (`id`);

--
-- Indexes for table `order_status`
--
ALTER TABLE `order_status`
  ADD PRIMARY KEY (`id`);

--
-- Indexes for table `product`
--
ALTER TABLE `product`
  ADD PRIMARY KEY (`id`);

--
-- Indexes for table `product_images`
--
ALTER TABLE `product_images`
  ADD PRIMARY KEY (`id`);

--
-- Indexes for table `sub_categories`
--
ALTER TABLE `sub_categories`
  ADD PRIMARY KEY (`id`);

--
-- Indexes for table `users`
--
ALTER TABLE `users`
  ADD PRIMARY KEY (`id`);

--
-- Indexes for table `wishlist`
--
ALTER TABLE `wishlist`
  ADD PRIMARY KEY (`id`);

--
-- AUTO_INCREMENT for dumped tables
--

--
-- AUTO_INCREMENT for table `admin_users`
--
ALTER TABLE `admin_users`
  MODIFY `id` int(11) NOT NULL AUTO_INCREMENT, AUTO_INCREMENT=2;

--
-- AUTO_INCREMENT for table `banner`
--
ALTER TABLE `banner`
  MODIFY `id` int(11) NOT NULL AUTO_INCREMENT, AUTO_INCREMENT=4;

--
-- AUTO_INCREMENT for table `categories`
--
ALTER TABLE `categories`
  MODIFY `id` int(11) NOT NULL AUTO_INCREMENT, AUTO_INCREMENT=13;

--
-- AUTO_INCREMENT for table `contact_us`
--
ALTER TABLE `contact_us`
  MODIFY `id` int(11) NOT NULL AUTO_INCREMENT, AUTO_INCREMENT=12;

--
-- AUTO_INCREMENT for table `coupon_master`
--
ALTER TABLE `coupon_master`
  MODIFY `id` int(11) NOT NULL AUTO_INCREMENT, AUTO_INCREMENT=2;

--
-- AUTO_INCREMENT for table `order`
--
ALTER TABLE `order`
  MODIFY `id` int(11) NOT NULL AUTO_INCREMENT, AUTO_INCREMENT=3;

--
-- AUTO_INCREMENT for table `order_detail`
--
ALTER TABLE `order_detail`
  MODIFY `id` int(11) NOT NULL AUTO_INCREMENT, AUTO_INCREMENT=81;

--
-- AUTO_INCREMENT for table `order_status`
--
ALTER TABLE `order_status`
  MODIFY `id` int(11) NOT NULL AUTO_INCREMENT, AUTO_INCREMENT=6;

--
-- AUTO_INCREMENT for table `product`
--
ALTER TABLE `product`
  MODIFY `id` int(11) NOT NULL AUTO_INCREMENT, AUTO_INCREMENT=37;

--
-- AUTO_INCREMENT for table `product_images`
--
ALTER TABLE `product_images`
  MODIFY `id` int(11) NOT NULL AUTO_INCREMENT, AUTO_INCREMENT=5;

--
-- AUTO_INCREMENT for table `sub_categories`
--
ALTER TABLE `sub_categories`
  MODIFY `id` int(11) NOT NULL AUTO_INCREMENT, AUTO_INCREMENT=5;

--
-- AUTO_INCREMENT for table `users`
--
ALTER TABLE `users`
  MODIFY `id` int(11) NOT NULL AUTO_INCREMENT, AUTO_INCREMENT=10;

--
-- AUTO_INCREMENT for table `wishlist`
--
ALTER TABLE `wishlist`
  MODIFY `id` int(11) NOT NULL AUTO_INCREMENT, AUTO_INCREMENT=8;
COMMIT;

/*!40101 SET CHARACTER_SET_CLIENT=@OLD_CHARACTER_SET_CLIENT */;
/*!40101 SET CHARACTER_SET_RESULTS=@OLD_CHARACTER_SET_RESULTS */;
/*!40101 SET COLLATION_CONNECTION=@OLD_COLLATION_CONNECTION */;
